{
    "009BA758-7060-4479-8EE8-FB9B40C8FB97": {
        "name": "كوريا واليابان في الليل"
    },
    "B1B5DDC5-73C8-4920-8133-BACCE38A08DE": {
        "name": "مكسيكو سيتي إلى نيويورك"
    },
    "7719B48A-2005-4011-9280-2F64EEC6FD91": {
        "name": "شمال كاليفورنيا إلى ولاية باها"
    },
    "B876B645-3955-420E-99DF-60139E451CF3": {
        "name": "الحديقة الوطنية وليغيوان ١"
    },
    "9CCB8297-E9F5-4699-AE1F-890CFBD5E29C": {
        "name": "مدرجات الأرز لونججي"
    },
    "D5E76230-81A3-4F65-A1BA-51B8CADED625": {
        "name": "الحديقة الوطنية وليغيوان ٢"
    },
    "F0236EC5-EE72-4058-A6CE-1F7D2E8253BF": {
        "name": "سور الصين العظيم 1"
    },
    "22162A9B-DB90-4517-867C-C676BC3E8E95": {
        "name": "سور الصين العظيم 2"
    },
    "044AD56C-A107-41B2-90CC-E60CCACFBCF5": {
        "name": "سور الصين العظيم 3"
    },
    "876D51F4-3D78-4221-8AD2-F9E78C0FD9B9": {
        "name": "طريق الشيخ زايد"
    },
    "E991AC0C-F272-44D8-88F3-05F44EDFE3AE": {
        "name": "مرسى ١"
    },
    "00BA71CD-2C54-415A-A68A-8358E677D750": {
        "name": "وسط المدينة"
    },
    "3FFA2A97-7D28-49EA-AA39-5BC9051B2745": {
        "name": "مرسى ٢"
    },
    "9680B8EB-CE2A-4395-AF41-402801F4D6A6": {
        "name": "الإقتراب من برج خليفة"
    },
    "2F11E857-4F77-4476-8033-4A1E4610AFCC": {
        "name": "طريق الشيخ زايد",
        "pointsOfInterest": {
            "0": "السفر على طول شارع الشيخ زايد في دبي ، الإمارات العربية المتحدة"
        }
    },
    "B8F204CE-6024-49AB-85F9-7CA2F6DCD226": {
        "name": "شبه الجزيرة نووسواق"
    },
    "2F52E34C-39D4-4AB1-9025-8F7141FAA720": {
        "name": "إيسيفجورد ايلوليسات"
    },
    "EE01F02D-1413-436C-AB05-410F224A5B7B": {
        "name": "إيسيفجورد ايلوليسات"
    },
    "499995FA-E51A-4ACE-8DFD-BDF8AFF6C943": {
        "name": "وادي وايمانو"
    },
    "12E0343D-2CD9-48EA-AB57-4D680FB6D0C7": {
        "name": "لاوبهويهوي نوي، هاواي"
    },
    "b2-2": {
        "name": "وادي هونوب"
    },
    "258A6797-CC13-4C3A-AB35-4F25CA3BF474": {
        "name": "محمية پو أو أومي الطبيعية"
    },
    "3D729CFC-9000-48D3-A052-C5BD5B7A6842": {
        "name": "ساحل كوهالا"
    },
    "82BD33C9-B6D2-47E7-9C42-AA3B7758921A": {
        "name": "محمية پو أو أومي الطبيعية"
    },
    "FE8E1F9D-59BA-4207-B626-28E34D810D0A": {
        "name": "ميناء فيكتوريا ١"
    },
    "C8559883-6F3E-4AF2-8960-903710CD47B7": {
        "name": "جبل فيكتوريا"
    },
    "024891DE-B7F6-4187-BFE0-E6D237702EF0": {
        "name": "وان تشاي"
    },
    "64EA30BD-C4B5-4CDD-86D7-DFE47E9CB9AA": {
        "name": "ميناء فيكتوريا ٢"
    },
    "E99FA658-A59A-4A2D-9F3B-58E7BDC71A9A": {
        "name": "ميناء فيكتوريا"
    },
    "001C94AE-2BA4-4E77-A202-F7DE60E8B1C8": {
        "name": "واحة ليوا ١"
    },
    "AFA22C08-A486-4CE8-9A13-E355B6C38559": {
        "name": "واحة ليوا ٢"
    },
    "58754319-8709-4AB0-8674-B34F04E7FFE2": {
        "name": "نهر التايمز",
        "pointsOfInterest": {
            "0": "الإقتراب من جسر البرج على نهر التايمز في لندن",
            "40": "تجاوز مبنى غيركين في مدينة لندن، على اليمين",
            "70": "المرور فوق جسر البرج على نهر التايمز، مع قاعة المدينة و برج لندن على اليمين",
            "85": "الإقتراب من متحف سفينة اتش ام اس بيلفاست في نهر التايمز، تجاوز مبنى واكي-تاكي على اليمين",
            "115": "السفر غرباً على نهر التايمز، مع مبنى شارد على اليمين و كاتدرائية سانت بول على اليمين",
            "135": "المرور من فوق كاتدرائية ساوثوارك، مع كاتدرائية سانت بول على اليمين",
            "175": "تجاوز مبنى شكسبير غلوب في ساوثوارك (المقدمة اليمنى)",
            "230": "تجاوز محطة واترلو على اليسار، مع قصر وستمنستر (بيوت البرلمان) عبر نهر التايمز من الخلف",
            "260": "تجاوز السينما بي اف أي ايماكس في المقدمة اليسرى، مع غين لندن في الخلف",
            "280": "الإتجاه نحو وستمنستر فوق نهر التايمز",
            "300": "الإقتراب من محطة تشارنج كروس في المقدمة اليمنى",
            "312": "الإقتراب من موكب حراس الخيول و حديقة السانت جيمس في منتصف الميدان الأيسر",
            "324": "المرور على حقول السانت مارتن على اليمين، مع قوس الأدميرال، عمود نيلسون، و مربع ترافالغار على يساره"
        }
    },
    "A5AAFF5D-8887-42BB-8AFD-867EF557ED85": {
        "name": "قصر باكنغهام",
        "pointsOfInterest": {
            "0": "تجاوز قوس ويلينغتون في لندن على اليسار",
            "12": "التحليق فوق حدائق باكنغهام، مع الحديقة الخضراء على اليسار",
            "24": "التحليق فوق قصر باكنغهام في لندن",
            "40": "التحليق فوق نصب فيكتوريا التذكاري ، والمرور على ثكنات ولنجتون على اليمين",
            "55": "ممشى بيردكيج على طول حديقة ساينت جيمس",
            "90": "عبور مكتب الخارجية والكومنولث في وايتهول ، مع عرض حراس الخيول على اليسار وخزانة صاحبة الجلالة على اليمين",
            "102": "المرور من فوق النصب التذكاري، مع وزارة الدفاع على اليسار، وبيغ بن وقصر وستمنستر (بيوت البرلمان) على اليمين",
            "125": "عبور نهر التايمز، والتحليق من فوق عين لندن",
            "160": "تجاوز من فوق محطة واترلو في جنوب لندن، مع سينما بي اف اي أيماكس على اليسار",
            "270": "تجاوز كاتدرائية ساوثوورك إلى اليسار",
            "285": "تجاوز برج شارد على اليمين",
            "305": "تجاوز متحف سفينة اتش ام اس بيلفاست في نهر التايمز",
            "330": "عبور نهر التايمز في جسر البرج، مع فاعة المدينة على اليمين و برج لندن على اليسار"
        }
    },
    "F604AF56-EA77-4960-AEF7-82533CC1A8B3": {
        "name": "نهر التايمز مع قرب غروب الشمس",
        "pointsOfInterest": {
            "0": "التوجه على نهر التايمز نحو جسر البرج، مع برج لندن على اليمين",
            "25": "عبور نهر التايمز و تجاوز قاعة المدينة",
            "35": "تجاوز متحف سفينة اتش ام اس بيلفاست في نهر التايمز",
            "60": "الإقتراب من برج شارد",
            "92": "الطيران غرباً فوق ساوثوارك نحو لامبث في جنوب لندن",
            "200": "تجاوز قصر لامبيث على اليسار و محطة واترلو على اليمين",
            "245": "عبور نهر التايمز نحو قصر ويستمنستر (قصر البرلمان)",
            "265": "تجاوز قصر وستمنستر (بيوت البرلمان)، مع كنيسة وستمنستر في الخلف"
        }
    },
    "7F4C26C2-67C2-4C3A-8F07-8A7BF6148C97": {
        "name": "نهر التايمز في الغسق",
        "pointsOfInterest": {
            "0": "التوجه على نهر التايمز نحو جسر البرج، مع برج لندن على اليمين",
            "28": "السفر غرباً على نهر التايمز، مع تجاوز قاعة المدينة على اليسار",
            "40": "تجاوز متحف سفينة اتش ام اس بيلفاست في نهر التايمز، مع مبنى شارد على اليسار ومبنى واكي-تاكي على اليمين",
            "75": "تجاوز كاتدرائية ساوثوورك إلى اليسار",
            "110": "تجاوز كاتدرائية سانت پول على اليمين",
            "130": "تجاوز مبنى شكسبير غلوب في المقدمة اليسرى",
            "210": "الإستمرار فوق نهر التايمز نحو وستمنستر",
            "300": "اجتياز عين لندن على نهر التايمز",
            "315": "الإقتراب من ساعة بيغ بين و بيوت البرلمان، مع كنيسة وستمنستر إلى اليمين"
        }
    },
    "CE279831-1CA7-4A83-A97B-FF1E20234396": {
        "name": "مطار لوس أنجلوس الدولي",
        "pointsOfInterest": {
            "0": "الإتجاه غربًا فوق مطار لوس انجلوس الدولي",
            "80": "تجاوز مبنى الثيم",
            "210": "تجاوز محطة توم برادلي الدولية"
        }
    },
    "35693AEA-F8C4-4A80-B77D-C94B20A68956": {
        "name": "طريق هاربور السريع",
        "pointsOfInterest": {
            "0": "متابعة طريقة هاربور السريع (طريق الولايات السريع ١١٠) شمالًا عبر جنوب لوس أنجلوس",
            "50": "عبور طريق القرن السريع (طريق الولايات السريع ١٠٥)",
            "65": "تجاوز محطة طريق هاربور السريع على الخط الأخضر، الذي يمتد على طول طريق القرن السريع",
            "170": "عبور الطريق الإمبراطوري"
        }
    },
    "92E48DE9-13A1-4172-B560-29B4668A87EE": {
        "name": "شاطئ سانتا مونيكا"
    },
    "89B1643B-06DD-4DEC-B1B0-774493B0F7B7": {
        "name": "مرصد جريفيث"
    },
    "EC67726A-8212-4C5E-83CF-8412932740D2": {
        "name": "تلال هوليوود",
        "pointsOfInterest": {
            "0": "السفر شمالًا على طول طريق بيتشوود عبر تلال هوليوود في لوس انجلوس",
            "60": "الإستمرار إلى الشمال من خلال بيتشوود كانيون",
            "250": "اجتياز مركز ماونت لي للاتصالات ، متجهاً إلى بوربانك ، كاليفورنيا"
        }
    },
    "F5804DD6-5963-40DA-9FA0-39C0C6E6DEF9": {
        "name": "وسط المدينة",
        "pointsOfInterest": {
            "0": "الإقتراب من \"وسط مدينة لوس أنجليس\"، مع بناء MTA (باللون الأصفر) ومحطة الاتحاد (باللون الوردي) في منتصف الميدان الأيسر",
            "35": "اجتياز كاتدرائية سيدة الملائكة (في الوسط)",
            "55": "اجتياز مركز مقاطعة لوس أنجلوس للموسيقى (في الوسط)",
            "65": "عبور طريق هوليوود السريع ، والسفر جنوبًا عبر وسط المدينة على طول طريق هاربور السريع",
            "105": "تجاوز قاعة والت ديزني للحفلات الموسيقية (في الوسط)",
            "120": "تجاوز قاعة المدينة (باللون الأزرق الفاتح، في منتصف اليسار)",
            "180": "تجاوز برج المكتبة (في الوسط)",
            "200": "اجتياز فندق بونافنتور (في الوسط)",
            "230": "المكتبة المركزية في لوس أنجلوس، المضاءة، تظهر من خلف فندق بونافنتور",
            "275": "اجتياز مركز ويلشاير الكبير (تحت الإنشاء)",
            "365": "تجاوز لوس انجليس لايف",
            "395": "اجتياز فندق ريتز-كارلتون ومركز ستابلز",
            "425": "اجتياز مركز مؤتمرات لوس أنجلوس",
            "495": "الإقتراب من طريق سانتا مونيكا السريع"
        }
    },
    "3BA0CFC7-E460-4B59-A817-B97F9EBB9B89": {
        "name": "سنترال بارك"
    },
    "b1-3": {
        "name": "مانهاتن السفلى"
    },
    "840FE8E4-D952-4680-B1A7-AC5BACA2C1F8": {
        "name": "الجانب الشرقي الاعلى"
    },
    "44166C39-8566-4ECA-BD16-43159429B52F": {
        "name": "الجادة السابعة"
    },
    "640DFB00-FBB9-45DA-9444-9F663859F4BC": {
        "name": "مانهاتن السفلى"
    },
    "b8-2": {
        "name": "شبة الجزيرة الجبلية مارين هيدلاندز"
    },
    "EE533FBD-90AE-419A-AD13-D7A60E2015D6": {
        "name": "مارين هيدلاندز في الضباب",
        "pointsOfInterest": {
            "0": "التحرك فوق مارين هيدلاندز على طول الطريق السريع ١٠١ نحو جسر البوابة الذهبية",
            "20": "خليج حدوة الحصان تظهر على اليسار",
            "105": "تجاوز مدفعية سبنسرعلى اليمين",
            "155": "عبور جسر البوابة الذهبية باتجاه سان فرانسيسكو"
        }
    },
    "DE851E6D-C2BE-4D9F-AB54-0F9CE994DC51": {
        "name": "خليج سان فرانسيسكو و جسر البوابة الذهبية"
    },
    "b8-3": {
        "name": "مربع آلامو",
        "pointsOfInterest": {
            "0": "رسمة السيدات مقابل من مربع آلامو في سان فرانسيسكو",
            "35": "كاتدرائية القديسة ماري في منتصف اليسار، مع وجود وسط مدينة سان فرانسيسكو في الخلفية",
            "70": "قبة قاعة المدينة تظهر في منتصف اليمين",
            "210": "قبة قاعة المدينة واضحة في منتصف اليمين"
        }
    },
    "85CE77BF-3413-4A7B-9B0F-732E96229A73": {
        "name": "امباركادرو، شارع السوق",
        "pointsOfInterest": {
            "0": "التوجه إلى الجنوب الغربي لخليج سان فرانسيسكو إلى مبنى سان فرانسيسكو للعبارات",
            "150": "الإقتراب من مبنى ميناء سان فرانسيسكوو إمباركادرو",
            "210": "التوجه إلى الجنوب الغربي على طول شارع السوق في وسط مدينة سان فرانسيسكو"
        }
    },
    "b4-3": {
        "name": "بريسيديو إلى جسر البوابة الذهبية",
        "pointsOfInterest": {
            "0": "التحرك على طول بريسيديو سان فرانسيسكو بإتجاه جسرة البوابة الذهبية",
            "190": "العبور على جسر البوابة الذهبية نحو مارين هيدلانز"
        }
    },
    "72B4390D-DF1D-4D51-B179-229BBAEFFF2C": {
        "name": "جسر البوابة الذهبية من سان فرانسيسكو"
    },
    "b6-4": {
        "name": "وسط المدينة وبرج كولت",
        "pointsOfInterest": {
            "0": "وسط مدينة سان فرانسيسكو مع مبنى هرم ترانس-أمريكا في الوسط",
            "100": "وسط مدينة سان فرانسيسكومع ظهور برج كولت قادم للعرض"
        }
    },
    "29BDF297-EB43-403A-8719-A78DA11A2948": {
        "name": "مرسى الصيادين",
        "pointsOfInterest": {
            "0": "التوجه جنوب شرق على مرسى الصيادين في سان فرانسيسكو",
            "27": "المرور على سفينة الحرية للقائد إرميا أوبراين",
            "47": "المرور على الغواصة بامبانيتو التابعة لأسطول الولايات المتحدة الأمريكية",
            "80": "المرور على الشاطئ الشمالي في سان فرانسيسكو",
            "115": "الإقترابمن برج كولت على تل التليغراف، مع جسر الخليج و وسط مدينة سان فرانسيسكو في الخلفية",
            "135": "الإقتراب من برج كولت على تل التليغراف، مع كنيسة القديسين بيتر و پاول في منتصف الجهة اليمنى"
        }
    },
    "b5-3": {
        "name": "امباركادرو، شارع السوق",
        "pointsOfInterest": {
            "0": "التوجه إلى الجنوب الغربي لخليج سان فرانسيسكو إلى مبنى سان فرانسيسكو للعبارات",
            "150": "الإقتراب من ميناء سان فرانسيسكو للعبارات و المباركاديرو",
            "210": "التوجهه إلى الجنوب الغربي على طول شارع السوق في سان فرانسيسكو"
        }
    },
    "3E94AE98-EAF2-4B09-96E3-452F46BC114E": {
        "name": "جسر الخليج"
    },
    "b2-4": {
        "name": "وسط المدينة وبرج سوترو",
        "pointsOfInterest": {
            "0": "التوجه إلى الحي المالي في سان فرانسيسكو، مع وجود برج سوترو في الخلفية",
            "10": "اجتياز مبنى هرم ترانس-أمريكا",
            "50": "مقر بنك أوف أمريكا السابق يحجب الشمس"
        }
    },
    "4AD99907-9E76-408D-A7FC-8429FF014201": {
        "name": "خليج سان فرانسيسكو و امباركاديرو"
    },
    "03EC0F5E-CCA8-4E0A-9FEC-5BD1CE151182": {
        "name": "القارة القطبية الجنوبية"
    },
    "737E9E24-49BE-4104-9B72-F352DE1AD2BF": {
        "name": "الشفق القطبي لأمريكا الشمالية"
    },
    "A837FA8C-C643-4705-AE92-074EFDD067F7": {
        "name": "أفريقيا في الليل"
    },
    "2F72BC1E-3D76-456C-81EB-842EBA488C27": {
        "name": "أفريقيا والشرق الأوسط"
    },
    "12318CCB-3F78-43B7-A854-EFDCCE5312CD": {
        "name": "كاليفورنيا إلى فيغاس"
    },
    "D5CFB2FF-5F8C-4637-816B-3E42FC1229B8": {
        "name": "منطقة البحر الكاريبي"
    },
    "4F881F8B-A7D9-4FDB-A917-17BF6AC5A589": {
        "name": "اليوم الكاريبي"
    },
    "7825C73A-658F-48EE-B14C-EC56673094AC": {
        "name": "الصين"
    },
    "E5DB138A-F04E-4619-B896-DE5CB538C534": {
        "name": "إيطاليا إلى آسيا"
    },
    "F439B0A7-D18C-4B14-9681-6520E6A74FE9": {
        "name": "إيران وأفغانستان"
    },
    "7C643A39-C0B2-4BA0-8BC2-2EAA47CC580E": {
        "name": "ايرلندا إلى آسيا"
    },
    "63C042F0-90EF-4A95-B7CC-CC9A64BF8421": {
        "name": "غرب أفريقيا إلى جبال الألب"
    },
    "78911B7E-3C69-47AD-B635-9C2486F6301D": {
        "name": "نيوزيلندا"
    },
    "E556BBC5-D0A0-4DB1-AC77-BC76E4A526F4": {
        "name": "صحارى و إيطاليا"
    },
    "64D11DAB-3B57-4F14-AD2F-E59A9282FA44": {
        "name": "المحيط الأطلسي إلى إسبانيا وفرنسا"
    },
    "81337355-E156-4242-AAF4-711768D30A54": {
        "name": "استراليا"
    },
    "1088217C-1410-4CF7-BDE9-8F573A4DBCD9": {
        "name": "منطقة البحر الكاريبي إلى أمريكا الوسطى"
    },
    "3C4678E4-4D3D-4A40-8817-77752AEA62EB": {
        "name": "دلتا النيل"
    },
    "87060EC2-D006-4102-98CC-3005C68BB343": {
        "name": "جنوب أفريقيا إلى شمال آسيا"
    },
    "F07CC61B-30FC-4614-BDAD-3240B61F6793": {
        "name": "مرجان بالاو"
    },
    "6143116D-03BB-485E-864E-A8CF58ACF6F1": {
        "name": "عشب البحر جنوب أفريقيا"
    },
    "2B30E324-E4FF-4CC1-BA45-A958C2D2B2EC": {
        "name": "أسماك الباراكودا"
    },
    "581A4F1A-2B6D-468C-A1BE-6F473F06D10B": {
        "name": "نجوم البحر"
    },
    "687D03A2-18A5-4181-8E85-38F3A13409B9": {
        "name": "أسماك الروؤس المنتفخة"
    },
    "537A4DAB-83B0-4B66-BCD1-05E5DBB4A268": {
        "name": "أسماك الشيم الحصاني"
    },
    "27A37B0F-738D-4644-A7A4-E33E7A6C1175": {
        "name": "دلافين كاليفورنيا"
    },
    "EB3F48E7-D30F-4079-858F-1A61331D5026": {
        "name": "غابات عشب البحر كاليفورنيا"
    },
    "CE9B5D5B-B6E7-47C5-8C04-59BF182E98FB": {
        "name": "دلافين كوستاريكا"
    },
    "58C75C62-3290-47B8-849C-56A583173570": {
        "name": "أسماك الغرابي المشعة"
    },
    "3716DD4B-01C0-4F5B-8DD6-DB771EC472FB": {
        "name": "اسماك قرش الشعب الرمادية"
    },
    "DD47D8E1-CB66-4C12-BFEA-2ADB0D8D1E2E": {
        "name": "الحوت الأحدب"
    },
    "82175C1F-153C-4EC8-AE37-2860EA828004": {
        "name": "مرجان البحر الأحمر"
    },
    "391BDF6E-3279-4CE1-9CA5-0F82811452D7": {
        "name": "فقمات"
    },
    "BA4ECA11-592F-4727-9221-D2A32A16EB28": {
        "name": "قناديل بحر پالاو 1"
    },
    "E580E5A5-0888-4BE8-A4CA-F74A18A643C3": {
        "name": "قناديل بحر پالاو 2"
    },
    "EC3DC957-D4C2-4732-AACE-7D0C0F390EC8": {
        "name": "قناديل بحر پالاو 3"
    },
    "C7AD3D0A-7EDF-412C-A237-B3C9D27381A1": {
        "name": "قناديل بحر الآسكا 1"
    },
    "C6DC4E54-1130-44F8-AF6F-A551D8E8A181": {
        "name": "قناديل بحر الآسكا 2"
    },
    "149E7795-DBDA-4F5D-B39A-14712F841118": {
        "name": "أمواج تاهيتي 1"
    },
    "8C31B06F-91A4-4F7C-93ED-56146D7F48B9": {
        "name": "أمواج تاهيتي 2"
    }
}