{
    "009BA758-7060-4479-8EE8-FB9B40C8FB97": {
        "name": "Korea en Japan Nacht"
    },
    "B1B5DDC5-73C8-4920-8133-BACCE38A08DE": {
        "name": "Mexico-stad naar New York"
    },
    "7719B48A-2005-4011-9280-2F64EEC6FD91": {
        "name": "Noord-Californië naar Baja"
    },
    "B876B645-3955-420E-99DF-60139E451CF3": {
        "name": "Wulingyuan Nationaal Park 1"
    },
    "9CCB8297-E9F5-4699-AE1F-890CFBD5E29C": {
        "name": "Longji rijstterrassen"
    },
    "D5E76230-81A3-4F65-A1BA-51B8CADED625": {
        "name": "Wulingyuan Nationaal Park 2"
    },
    "F0236EC5-EE72-4058-A6CE-1F7D2E8253BF": {
        "name": "Chinese Muur 1"
    },
    "22162A9B-DB90-4517-867C-C676BC3E8E95": {
        "name": "Chinese Muur 2"
    },
    "044AD56C-A107-41B2-90CC-E60CCACFBCF5": {
        "name": "Chinese Muur 3"
    },
    "876D51F4-3D78-4221-8AD2-F9E78C0FD9B9": {
        "name": "Sheikh Zayed Road"
    },
    "E991AC0C-F272-44D8-88F3-05F44EDFE3AE": {
        "name": "Jachthaven 1"
    },
    "00BA71CD-2C54-415A-A68A-8358E677D750": {
        "name": "Het centrum"
    },
    "3FFA2A97-7D28-49EA-AA39-5BC9051B2745": {
        "name": "Jachthaven 2"
    },
    "9680B8EB-CE2A-4395-AF41-402801F4D6A6": {
        "name": "Het naderen van Burj Khalifa"
    },
    "2F11E857-4F77-4476-8033-4A1E4610AFCC": {
        "name": "Sheikh Zayed Road",
        "pointsOfInterest": {
            "0": "Reizend langs de Sheikh Zayed Road in Dubai, Verenigde Arabische Emiraten"
        }
    },
    "B8F204CE-6024-49AB-85F9-7CA2F6DCD226": {
        "name": "Nuussuaq Peninsula"
    },
    "2F52E34C-39D4-4AB1-9025-8F7141FAA720": {
        "name": "Ilulissat Icefjord"
    },
    "EE01F02D-1413-436C-AB05-410F224A5B7B": {
        "name": "Ilulissat Icefjord"
    },
    "499995FA-E51A-4ACE-8DFD-BDF8AFF6C943": {
        "name": "Waimanu Valley"
    },
    "12E0343D-2CD9-48EA-AB57-4D680FB6D0C7": {
        "name": "Laupāhoehoe Nui"
    },
    "b2-2": {
        "name": "Honopū Valley"
    },
    "258A6797-CC13-4C3A-AB35-4F25CA3BF474": {
        "name": "Pu‘u O ‘Umi"
    },
    "3D729CFC-9000-48D3-A052-C5BD5B7A6842": {
        "name": "De kustlijn van Kohala"
    },
    "82BD33C9-B6D2-47E7-9C42-AA3B7758921A": {
        "name": "Pu‘u O ‘Umi"
    },
    "FE8E1F9D-59BA-4207-B626-28E34D810D0A": {
        "name": "De Victoria-Haven 1"
    },
    "C8559883-6F3E-4AF2-8960-903710CD47B7": {
        "name": "Victoria Peak"
    },
    "024891DE-B7F6-4187-BFE0-E6D237702EF0": {
        "name": "Wan Chai"
    },
    "64EA30BD-C4B5-4CDD-86D7-DFE47E9CB9AA": {
        "name": "De Victoria-Haven 2"
    },
    "E99FA658-A59A-4A2D-9F3B-58E7BDC71A9A": {
        "name": "De Victoria-Haven"
    },
    "001C94AE-2BA4-4E77-A202-F7DE60E8B1C8": {
        "name": "Liwa Oasis 1"
    },
    "AFA22C08-A486-4CE8-9A13-E355B6C38559": {
        "name": "Liwa Oasis 2"
    },
    "58754319-8709-4AB0-8674-B34F04E7FFE2": {
        "name": "Rivier de Theems",
        "pointsOfInterest": {
            "0": "Het naderen van de Tower Bridge over de Rivier de Theems in Londen",
            "40": "Het passeren van de Gherkin in de stad Londen, aan de rechterkant",
            "70": "Over de Tower Bridge over de Theems, met het stadhuis erachter en de Tower of London aan de rechterkant.",
            "85": "Het naderen van de HMS Belfast in de Rivier de Theems en het passeren van de Walkie-Talkie aan de rechterkant",
            "115": "Reizend in westelijke richting de rivier de Theems op, met The Shard aan de linkerkant en Saint Paul's Cathedral aan de rechterkant",
            "135": "Langs de Southwark Kathedraal, met rechts de Sint-Pauluskathedraal.",
            "175": "Het passeren van Shakespeare's Globe in Southwark (rechts op de voorgrond)",
            "230": "Voorbij Waterloo Station aan de linkerkant, met het Paleis van Westminster (Houses of Parliament) over de Thames erachter",
            "260": "Het passeren van BFI IMAX links op de voorgrond, met de London Eye erachter",
            "280": "In de richting van Westminster over de Rivier de Theems",
            "300": "Het naderen van Charing Cross Station op de rechter voorgrond",
            "312": "Het naderen van Horse Guards Parade en Saint James’s Park op links",
            "324": "Voorbij Saint Martin-in-the-Fields aan de rechterkant, met Admiralty Arch, Nelson's Column en Trafalgar Square aan zijn linkerkant"
        }
    },
    "A5AAFF5D-8887-42BB-8AFD-867EF557ED85": {
        "name": "Buckingham Palace",
        "pointsOfInterest": {
            "0": "Voorbij Wellington Arch in Londen aan de linkerkant",
            "12": "Vliegend over de Buckingham Palace Gardens, met Green Park aan de linkerkant",
            "24": "Vliegend over Buckingham Palace in Londen",
            "40": "Vliegend over het Victoria Memorial, voorbij Wellington Barracks aan de rechterkant",
            "55": "Volgend van Birdcage Walk langs het park van Saint James",
            "90": "Langs het Foreign & Commonwealth Office in Whitehall, met links de Horse Guards Parade en rechts Hare Majesteit's Treasury.",
            "102": "Langs de Cenotaaf, met links het ministerie van Defensie en rechts de Big Ben en het paleis van Westminster (parlementsgebouwen).",
            "125": "Het oversteken van de Rivier de Theems, vliegend over het London Eye",
            "160": "Over Waterloo Station in Zuid-Londen, met BFI IMAX aan de linkerkant",
            "270": "Voorbij de Southwark Kathedraal aan de linkerkant",
            "285": "Het passeren van De Shard aan de rechterkant",
            "305": "Het passeren van de kruiser HMS Belfast in de Rivier de Theems",
            "330": "De rivier de Theems overstekend bij Tower Bridge, met het stadhuis aan de rechterkant en de Tower of London aan de linkerkant"
        }
    },
    "F604AF56-EA77-4960-AEF7-82533CC1A8B3": {
        "name": "Rivier de Theems bij zonsondergang",
        "pointsOfInterest": {
            "0": "Richting de Tower Bridge via de rivier de Theems, met de Tower of London Tower aan de rechterkant.",
            "25": "De rivier de Theems overstekend en het stadhuis passerend",
            "35": "Het passeren van de kruiser HMS Belfast in de Rivier de Theems",
            "60": "Het naderen van De Shard",
            "92": "Vliegend naar het westen over Southwark richting Lambeth in Zuid-Londen",
            "200": "Voorbij Lambeth Palace aan de linkerkant en Waterloo Station aan de rechterkant",
            "245": "Het oversteken van de Rivier de Theems, in de richting van het Paleis van Westminster (de Huizen van het Parlement)",
            "265": "Voorbij het Palace of Westminster (Houses of Parliament), met Westminster Abbey erachter"
        }
    },
    "7F4C26C2-67C2-4C3A-8F07-8A7BF6148C97": {
        "name": "Rivier de Theems in de schemering",
        "pointsOfInterest": {
            "0": "Richting de rivier de Theems naar de Tower Bridge, met de Tower of London Tower aan de rechterkant.",
            "28": "Reizend naar het westen over de rivier de Theems, langs het stadhuis aan de linkerkant.",
            "40": "Voorbij HMS Belfast in de rivier de Theems, met The Shard aan de linkerkant en de Walkie-Talkie aan de rechterkant",
            "75": "Langs Southwark Cathedral links",
            "110": "Voorbij Saint Paul's Cathedral aan de rechterkant",
            "130": "Voorbij Shakespeare's Globe op de linker voorgrond",
            "210": "Verder op de rivier de Theems richting Westminster",
            "300": "Het passeren van de London Eye op de Rivier de Theems",
            "315": "Het naderen van de Big Ben en de Houses of Parliament, met Westminster Abbey op rechts"
        }
    },
    "CE279831-1CA7-4A83-A97B-FF1E20234396": {
        "name": "Los Angeles Int'l Airport",
        "pointsOfInterest": {
            "0": "Richting het westen over Los Angeles International Airport",
            "80": "Het passeren van het Theme Building",
            "210": "Het passeren van de Tom Bradley International Terminal"
        }
    },
    "35693AEA-F8C4-4A80-B77D-C94B20A68956": {
        "name": "Harbor Freeway",
        "pointsOfInterest": {
            "0": "Het volgen van de Harbor Freeway (Interstate 110) noordwaarts door South Los Angeles",
            "50": "Het oversteken van de Century Freeway (Interstate 105)",
            "65": "Het passeren van het Harbor Freeway Station op de Metro Green Line, die langs de Century Freeway loopt.",
            "170": "Het oversteken van Imperial Highway"
        }
    },
    "92E48DE9-13A1-4172-B560-29B4668A87EE": {
        "name": "Santa Monica Beach"
    },
    "89B1643B-06DD-4DEC-B1B0-774493B0F7B7": {
        "name": "Griffith Observatory"
    },
    "EC67726A-8212-4C5E-83CF-8412932740D2": {
        "name": "Hollywood Hills",
        "pointsOfInterest": {
            "0": "Reizend naar het noorden langs Beachwood Drive door de Hollywood Hills in Los Angeles",
            "60": "Verder noordwaarts via Beachwood Canyon",
            "250": "Het passeren van de Mount Lee Communications Center, richting Burbank, Californië"
        }
    },
    "F5804DD6-5963-40DA-9FA0-39C0C6E6DEF9": {
        "name": "Het centrum",
        "pointsOfInterest": {
            "0": "Het naderen van Downtown Los Angeles, met het MTA-gebouw (in geel) en Union Station (in roze) op links",
            "35": "Voorbij de Cathedral of Our Lady of the Angels (in het midden)",
            "55": "Langs het Los Angeles County Music Center (in het midden)",
            "65": "De Hollywood Freeway overstekend, zuidwaarts reizend door Downtown langs de Harbor Freeway.",
            "105": "Voorbij de Walt Disney Concert Hall (in het midden)",
            "120": "Voorbij het stadhuis (in lichtblauw, op links)",
            "180": "Voorbij de Library Tower (in het midden)",
            "200": "Voorbij het Bonaventure Hotel (in het midden)",
            "230": "De Los Angeles Central Library, helder verlicht, verschijnt van achter het Bonaventure Hotel",
            "275": "Voorbij het Wilshire Grand Centre (in aanbouw)",
            "365": "Het Passeren Van L.A. Live",
            "395": "Voorbij het Ritz-Carlton Hotel en het Staples Center",
            "425": "Het passeren van het Los Angeles Convention Center",
            "495": "Het naderen van de Santa Monica Freeway"
        }
    },
    "3BA0CFC7-E460-4B59-A817-B97F9EBB9B89": {
        "name": "Central Park"
    },
    "b1-3": {
        "name": "Lower Manhattan"
    },
    "840FE8E4-D952-4680-B1A7-AC5BACA2C1F8": {
        "name": "Upper East Side"
    },
    "44166C39-8566-4ECA-BD16-43159429B52F": {
        "name": "Seventh Avenue"
    },
    "640DFB00-FBB9-45DA-9444-9F663859F4BC": {
        "name": "Lower Manhattan"
    },
    "b8-2": {
        "name": "Marin Headlands"
    },
    "EE533FBD-90AE-419A-AD13-D7A60E2015D6": {
        "name": "Marin Headlands in Fog",
        "pointsOfInterest": {
            "0": "Bewegend over de Marin Headlands langs Highway 101 naar de Golden Gate Bridge",
            "20": "Horseshoe Cove die aan de linkerkant verschijnt",
            "105": "Batterij Spencer passerend op rechts",
            "155": "Het oversteken van de Golden Gate Bridge naar San Francisco"
        }
    },
    "DE851E6D-C2BE-4D9F-AB54-0F9CE994DC51": {
        "name": "De baai en de Golden Gate"
    },
    "b8-3": {
        "name": "Alamo Square",
        "pointsOfInterest": {
            "0": "Painted Ladies via Alamo Square in San Francisco",
            "35": "Saint Mary's Cathedral op links, met het centrum van SF op de achtergrond",
            "70": "De koepel van het stadhuis verschijnt op rechts",
            "210": "De koepel van het stadhuis duidelijk op rechts"
        }
    },
    "85CE77BF-3413-4A7B-9B0F-732E96229A73": {
        "name": "Embarcadero, Market Street",
        "pointsOfInterest": {
            "0": "Richting het zuidwesten over de San Francisco Bay naar het San Francisco Ferry Building",
            "150": "Het naderen van de haven van San Francisco Ferry Building en de Embarcadero",
            "210": "Richting het zuidwesten langs Market Street in het centrum van San Francisco"
        }
    },
    "b4-3": {
        "name": "Presidio naar Golden Gate",
        "pointsOfInterest": {
            "0": "Langs het presidium van San Francisco naar de Golden Gate Bridge",
            "190": "Het oversteken van de Golden Gate Bridge richting de Marin Headlands"
        }
    },
    "72B4390D-DF1D-4D51-B179-229BBAEFFF2C": {
        "name": "Golden Gate van SF"
    },
    "b6-4": {
        "name": "Het centrum en de Coit Tower",
        "pointsOfInterest": {
            "0": "In het centrum van San Francisco met de Transamerica Pyramid in het midden",
            "100": "Het centrum van San Francisco met Coit Tower die in het zicht komt"
        }
    },
    "29BDF297-EB43-403A-8719-A78DA11A2948": {
        "name": "Fisherman's Wharf",
        "pointsOfInterest": {
            "0": "Richting het zuidoosten over Fisherman's Wharf in San Francisco",
            "27": "Voorbij het Liberty-schip SS Jeremia O'Brien",
            "47": "Passerend over de onderzeeër USS Pampanito",
            "80": "Passerend over North Beach in San Francisco",
            "115": "Het naderen van Coit Tower op Telegraph Hill, met de Bay Bridge en het centrum van SF op de achtergrond",
            "135": "Het naderen van Coit Tower nadert op Telegraph Hill, met Saints Peter en Paul Church op rechts"
        }
    },
    "b5-3": {
        "name": "Embarcadero, Market Street",
        "pointsOfInterest": {
            "0": "Richting het zuidwesten over de San Francisco Bay naar het San Francisco Ferry Building",
            "150": "Het naderen van de haven van San Francisco Ferry Building en de Embarcadero",
            "210": "Richting het zuidwesten langs Market Street in San Francisco"
        }
    },
    "3E94AE98-EAF2-4B09-96E3-452F46BC114E": {
        "name": "Bay Bridge"
    },
    "b2-4": {
        "name": "Het centrum en de Sutro Tower",
        "pointsOfInterest": {
            "0": "Op weg naar San Francisco's Financial District, met de Sutro Tower op de achtergrond",
            "10": "Langs de Transamerica Pyramid",
            "50": "Voormalig hoofdkantoor van de Bank of America die de zon verduistert"
        }
    },
    "4AD99907-9E76-408D-A7FC-8429FF014201": {
        "name": "Bay en Embarcadero"
    },
    "03EC0F5E-CCA8-4E0A-9FEC-5BD1CE151182": {
        "name": "Antartica"
    },
    "737E9E24-49BE-4104-9B72-F352DE1AD2BF": {
        "name": "Noord-Amerika Aurora"
    },
    "A837FA8C-C643-4705-AE92-074EFDD067F7": {
        "name": "Afrikaanse nacht"
    },
    "2F72BC1E-3D76-456C-81EB-842EBA488C27": {
        "name": "Afrika en het Midden-Oosten"
    },
    "12318CCB-3F78-43B7-A854-EFDCCE5312CD": {
        "name": "Californië naar Vegas"
    },
    "D5CFB2FF-5F8C-4637-816B-3E42FC1229B8": {
        "name": "Caribisch gebied"
    },
    "4F881F8B-A7D9-4FDB-A917-17BF6AC5A589": {
        "name": "Caribische dag"
    },
    "7825C73A-658F-48EE-B14C-EC56673094AC": {
        "name": "China"
    },
    "E5DB138A-F04E-4619-B896-DE5CB538C534": {
        "name": "Italië naar Azië"
    },
    "F439B0A7-D18C-4B14-9681-6520E6A74FE9": {
        "name": "Iran en Afghanistan"
    },
    "7C643A39-C0B2-4BA0-8BC2-2EAA47CC580E": {
        "name": "Ierland naar Azië"
    },
    "63C042F0-90EF-4A95-B7CC-CC9A64BF8421": {
        "name": "West-Afrika naar de Alpen"
    },
    "78911B7E-3C69-47AD-B635-9C2486F6301D": {
        "name": "Nieuw-Zeeland"
    },
    "E556BBC5-D0A0-4DB1-AC77-BC76E4A526F4": {
        "name": "Sahara en Italië"
    }
}