<?xml version="1.0" encoding="UTF-8"?>
<!DOCTYPE plist PUBLIC "-//Apple//DTD PLIST 1.0//EN" "http://www.apple.com/DTDs/PropertyList-1.0.dtd">
<plist version="1.0">
<dict>
	<key>AppID</key>
	<data>
	Su+T9POhkzPL2qTRAzO3hrJM6iViHkFFO/RWXZ8bP9uM2fXpNWJdDlm03VP4qsz3
	</data>
	<key>ExpID</key>
	<string>51cdd6302093d6dfa46df8c88975efc5
</string>
	<key>JxpID</key>
	<string>410bf37eb392b02cf0aa7924f576ec93
</string>
	<key>expirationDate</key>
	<date>2009-06-30T03:39:27Z</date>
	<key>expirationMode</key>
	<integer>0</integer>
	<key>expirationTimeInDays</key>
	<integer>14</integer>
	<key>quitOnKeyDowns</key>
	<integer>1</integer>
	<key>quitOnMouseEvents</key>
	<integer>1</integer>
</dict>
</plist>
